-- phpMyAdmin SQL Dump
-- version 5.1.1
-- https://www.phpmyadmin.net/
--
-- Servidor: 127.0.0.1
-- Tiempo de generación: 10-06-2022 a las 23:38:04
-- Versión del servidor: 10.4.19-MariaDB
-- Versión de PHP: 8.0.7

SET SQL_MODE = "NO_AUTO_VALUE_ON_ZERO";
START TRANSACTION;
SET time_zone = "+00:00";


/*!40101 SET @OLD_CHARACTER_SET_CLIENT=@@CHARACTER_SET_CLIENT */;
/*!40101 SET @OLD_CHARACTER_SET_RESULTS=@@CHARACTER_SET_RESULTS */;
/*!40101 SET @OLD_COLLATION_CONNECTION=@@COLLATION_CONNECTION */;
/*!40101 SET NAMES utf8mb4 */;

--
-- Base de datos: `sis_venta`
--

-- --------------------------------------------------------

--
-- Estructura de tabla para la tabla `cliente`
--

CREATE TABLE `cliente` (
  `idcliente` int(11) NOT NULL,
  `nombre` varchar(100) COLLATE utf8_spanish_ci NOT NULL,
  `apellido` varchar(100) COLLATE utf8_spanish_ci NOT NULL,
  `telefono` varchar(15) COLLATE utf8_spanish_ci NOT NULL,
  `direccion` varchar(200) COLLATE utf8_spanish_ci NOT NULL,
  `colonia` varchar(200) COLLATE utf8_spanish_ci NOT NULL,
  `ciudad` varchar(100) COLLATE utf8_spanish_ci NOT NULL,
  `ce_inverso` varchar(50) COLLATE utf8_spanish_ci NOT NULL,
  `ce_reverso` varchar(50) COLLATE utf8_spanish_ci NOT NULL,
  `idarea` varchar(50) COLLATE utf8_spanish_ci NOT NULL,
  `idayuntamiento` varchar(50) COLLATE utf8_spanish_ci NOT NULL,
  `usuario_id` int(11) NOT NULL,
  `estado` int(11) NOT NULL DEFAULT 1
) ENGINE=InnoDB DEFAULT CHARSET=utf8 COLLATE=utf8_spanish_ci;

--
-- Volcado de datos para la tabla `cliente`
--

INSERT INTO `cliente` (`idcliente`, `nombre`, `apellido`, `telefono`, `direccion`, `colonia`, `ciudad`, `ce_inverso`, `ce_reverso`, `idarea`, `idayuntamiento`, `usuario_id`, `estado`) VALUES
(1, 'VENTA', 'EN BODEGA', '9321270207', 'CALLE DOCTOR BELISARIO DOMINGUEZ 15', 'CENTRO', 'PICHUCALCO', '', '', '0', '0', 1, 1),
(2, 'LILIANA CAROLINA', 'HERNANDEZ LOPEZ', '9321160213', 'CALLE 10 S/N', 'EL MIRADOR', 'PICHUCALCO', '', '', '0', '0', 1, 1),
(3, 'LUIS ALFREDO', 'ROMERO SANCHEZ', '9321167583', 'CALLE 7 S/N', 'EL MIRADOR', 'PICHUCALCO', '', '', '0', '0', 2, 1),
(4, 'ADOLFO', 'PEREZ CRUZ', '9321163484', 'CALLE NIÑOS HEROES S/N', 'PUENTE SECO', 'JUAREZ', '', '', 'LIMPIA MUNICIPAL', 'JUAREZ', 1, 1),
(5, 'GENESIS MIREYA', 'PEREZ CRUZ', '9321195856', 'CALLE NIÑOS HEROES S/N', 'CENTRO', 'JUAREZ', '', '', '0', '0', 1, 1),
(6, 'DANIEL ALBERTO', 'DIAZ CANTORAL', '9321224195', 'CALLE NIÑOS HEROES', 'POBLADO TECTUAPAN', 'PICHUCALCO', '', '', '0', '0', 1, 1),
(7, 'JOSE', 'DE LA CRUZ HERNANDEZ', '9321203699', 'CALLE ITURBIDE 14', 'BARRIO SAN MIGUEL', 'OSTUACAN', '', '', '0', '0', 1, 1),
(8, 'JOSE ANTONIO', 'BENBENUTA CASANOVA', '9321120561', 'CALLE 14 S/N', 'JORGE CAMACHO VIDAL', 'PICHUCALCO', '', '', '0', '0', 1, 1),
(9, 'CARLOS', 'LOPEZ ALEGRIA', '9321226942', 'RANCHO SAN MIGUEL', 'EL TRIUNFO SEGUNDA SECCION', 'JUAREZ', '', '', '0', '0', 1, 1),
(10, 'JOCABETH', 'PATRICIO TREJO', '9321096491', 'CALLE CHU-KI ARDILLA LOTE 09 MANZANA 11 S/N', 'CIUDAD RURAL', 'IXHUATAN', '', '', '0', '0', 1, 1),
(11, 'JUAN', 'GONZALEZ GARCIA', '', 'CALLE CONCEPCION S/N', 'BARRIO SAN JACINTO', 'PANTEPEC', '', '', 'EVENTOS ESPECIALES', 'PANTEPEC', 1, 1),
(12, 'SILVIA', 'GARCIA PEREZ', '', 'ESTACION EL SUSPIRO S/N', 'RANCHERIA MARIANO MATAMOROS SEGUNDA SECCION', 'PICHUCALCO', '', '', '0', '0', 1, 1),
(13, 'DAVID', 'GARDUZA DIAZ', '9321176425', 'CALLE REFORMA S/N', 'UNE NUEVA CREACION', 'PICHUCALCO', '', '', '0', '0', 1, 1),
(14, 'VICTOR TOMAS', 'PACHECO ROSADO', '', 'CALLE NICOLAS BRAVO S/N', 'CENTRO', 'PICHUCALCO', '', '', '0', '0', 1, 1),
(15, 'JESUS MANUEL', 'LEDESMA ALATORRE', '', 'MANZANA 7 LOTE 09', 'FRACCIONAMIENTO VIDA MEJOR', 'PICHUCALCO', '', '', '0', '0', 1, 1),
(16, 'ARACELI', 'CRUZ VILLARREAL', '', 'CALLE PARALELO A LA VIA DEL FERROCARRIL S/N', 'BARRIO SEÑOR DE TILA', 'JUAREZ', '', '', '0', '0', 1, 1),
(17, 'ROCIO', 'HERNANDEZ ALVAREZ', '', 'CALLE 6 S/N', 'EL MIRADOR', 'PICHUCALCO', '', '', '0', '0', 1, 1),
(18, 'PEDRO ANTONIO', 'BARBOSA MAGAÑA', '', 'CALLE PARALELO A LA VIA DEL FERROCARRIL S/N', 'BARRIO SEÑOR DE TILA', 'JUAREZ', '', '', '0', '0', 1, 1),
(19, 'BELLALI', 'ROMERO SERRA', '', 'CALLE PRINCIPAL S/N', 'CUATRO CAMINOS', 'JUAREZ', '', '', '0', '0', 1, 1),
(20, 'MARTHA PATRICIA', 'GUTIERREZ VIDAL', '9174027963', 'CALLE NUEVO PEMEX S/N', 'NUEVO RENACER', 'REFORMA', '', '', '0', '0', 1, 1),
(21, 'JOSE AURELIANO', 'CAMACHO LOPEZ', '', 'CALLE SAN MANUEL S/N', 'BARRIO LA SOLEDAD', 'IXTACOMITAN', '', '', '0', '0', 1, 1),
(22, 'MARINA DEL CARMEN', 'HERNANDEZ SANCHEZ', '', 'CALLE SIEMPRE VIVA 18', 'CENTRO', 'IXTACOMITAN', '', '', '0', '0', 1, 1),
(23, 'LUIS ALFREDO', 'LOPEZ CRUZ', '', 'CALLE INDEPENDENCIA 13 02', 'CENTRO', 'PICHUCALCO', '', '', '0', '0', 1, 1),
(24, 'MIGUEL', 'RUIZ ARIAS', '', 'CALLE SIN NOMBRE S/N', 'FRACCIONAMIENTO SANTO TOMAS', 'IXTAPANGAJOYA', '', '', '0', '0', 1, 1),
(25, 'JORGE MANUEL', 'FLORES GOMEZ', '9321178184', 'AVENIDA SEGUNDA NORTE ORIENTE S/N', 'CENTRO', 'IXHUATAN', '', '', '0', '0', 1, 1);

-- --------------------------------------------------------

--
-- Estructura de tabla para la tabla `configuracion`
--

CREATE TABLE `configuracion` (
  `id` int(11) NOT NULL,
  `nombre` varchar(100) COLLATE utf8_spanish_ci NOT NULL,
  `telefono` varchar(15) COLLATE utf8_spanish_ci NOT NULL,
  `email` varchar(100) COLLATE utf8_spanish_ci NOT NULL,
  `direccion` text COLLATE utf8_spanish_ci NOT NULL
) ENGINE=InnoDB DEFAULT CHARSET=utf8 COLLATE=utf8_spanish_ci;

--
-- Volcado de datos para la tabla `configuracion`
--

INSERT INTO `configuracion` (`id`, `nombre`, `telefono`, `email`, `direccion`) VALUES
(1, 'COMERCIALIZADORA ARZAT', '9323233014', 'arzat@hotmail.com', 'CALLE DOCTOR BELISARIO DOMINGUEZ 15. COLONIA CENTRO 29520. PICHUCALCO, CHIAPAS. MEXICO.');

-- --------------------------------------------------------

--
-- Estructura de tabla para la tabla `detalle_permisos`
--

CREATE TABLE `detalle_permisos` (
  `id` int(11) NOT NULL,
  `id_permiso` int(11) NOT NULL,
  `id_usuario` int(11) NOT NULL
) ENGINE=InnoDB DEFAULT CHARSET=utf8mb4;

--
-- Volcado de datos para la tabla `detalle_permisos`
--

INSERT INTO `detalle_permisos` (`id`, `id_permiso`, `id_usuario`) VALUES
(669, 1, 1),
(670, 2, 1),
(671, 3, 1),
(672, 4, 1),
(673, 5, 1),
(674, 6, 1),
(675, 7, 1),
(676, 8, 1),
(677, 9, 1),
(792, 1, 2),
(793, 2, 2),
(794, 3, 2),
(795, 4, 2),
(796, 5, 2),
(797, 6, 2);

-- --------------------------------------------------------

--
-- Estructura de tabla para la tabla `detalle_temp`
--

CREATE TABLE `detalle_temp` (
  `id` int(11) NOT NULL,
  `id_usuario` varchar(50) COLLATE utf8_spanish_ci NOT NULL,
  `id_producto` int(11) NOT NULL,
  `id_codigo` int(11) NOT NULL,
  `cantidad` int(11) NOT NULL,
  `precio_venta` decimal(10,2) NOT NULL,
  `total` int(11) NOT NULL
) ENGINE=InnoDB DEFAULT CHARSET=utf8 COLLATE=utf8_spanish_ci;

-- --------------------------------------------------------

--
-- Estructura de tabla para la tabla `detalle_venta`
--

CREATE TABLE `detalle_venta` (
  `id` int(11) NOT NULL,
  `id_producto` int(11) NOT NULL,
  `id_venta` int(11) NOT NULL,
  `cantidad` int(11) NOT NULL,
  `precio` decimal(10,2) NOT NULL,
  `created_at` datetime NOT NULL DEFAULT current_timestamp()
) ENGINE=InnoDB DEFAULT CHARSET=utf8mb4;

--
-- Volcado de datos para la tabla `detalle_venta`
--

INSERT INTO `detalle_venta` (`id`, `id_producto`, `id_venta`, `cantidad`, `precio`, `created_at`) VALUES
(1, 5, 1, 1, '6000.00', '2022-05-12 17:57:48'),
(2, 17, 1, 1, '0.01', '2022-05-12 17:57:48'),
(3, 11, 2, 1, '10010.00', '2022-05-16 13:57:47'),
(4, 23, 2, 1, '0.01', '2022-05-16 13:57:47'),
(5, 9, 3, 1, '7000.00', '2022-05-16 14:01:55'),
(6, 21, 3, 1, '0.01', '2022-05-16 14:01:55'),
(7, 1, 4, 1, '6300.00', '2022-05-17 19:24:03'),
(8, 16, 4, 1, '0.01', '2022-05-17 19:24:03'),
(9, 4, 5, 1, '6000.00', '2022-05-17 19:42:13'),
(10, 15, 5, 1, '0.01', '2022-05-17 19:42:13'),
(11, 8, 6, 1, '7000.00', '2022-05-20 15:02:03'),
(12, 20, 6, 1, '0.01', '2022-05-20 15:02:03'),
(13, 12, 7, 1, '7000.00', '2022-05-20 15:05:28'),
(14, 24, 7, 1, '0.01', '2022-05-20 15:05:28'),
(15, 7, 8, 1, '7000.00', '2022-05-24 13:53:50'),
(16, 19, 8, 1, '0.01', '2022-05-24 13:53:50'),
(17, 40, 9, 1, '15600.00', '2022-05-26 12:09:11'),
(18, 33, 10, 1, '7900.00', '2022-05-27 18:34:01'),
(19, 6, 11, 1, '3400.00', '2022-05-30 13:45:31'),
(20, 18, 11, 1, '0.01', '2022-05-30 13:45:31'),
(21, 34, 12, 1, '7900.00', '2022-06-01 09:57:05'),
(22, 70, 13, 1, '14000.00', '2022-06-01 13:03:51'),
(23, 71, 13, 1, '0.01', '2022-06-01 13:03:51'),
(24, 2, 14, 1, '5700.00', '2022-06-01 16:00:10'),
(25, 13, 14, 1, '0.01', '2022-06-01 16:00:10'),
(26, 31, 15, 1, '7900.00', '2022-06-03 11:32:33'),
(27, 68, 16, 1, '1100.00', '2022-06-07 08:17:06'),
(28, 35, 17, 1, '7900.00', '2022-06-07 08:22:13'),
(29, 63, 18, 1, '1100.00', '2022-06-07 08:23:57'),
(30, 74, 19, 1, '7000.00', '2022-06-07 08:28:32'),
(31, 89, 19, 1, '0.01', '2022-06-07 08:28:32'),
(32, 75, 20, 1, '7000.00', '2022-06-07 08:41:34'),
(33, 87, 20, 1, '0.01', '2022-06-07 08:41:34'),
(34, 10, 21, 1, '7000.00', '2022-06-07 09:32:38'),
(35, 22, 21, 1, '0.01', '2022-06-07 09:32:38'),
(36, 93, 22, 1, '821.00', '2022-06-07 09:34:20'),
(37, 62, 23, 1, '1100.00', '2022-06-07 16:39:22'),
(38, 3, 24, 1, '5700.00', '2022-06-09 07:44:15'),
(39, 14, 24, 1, '0.01', '2022-06-09 07:44:15');

-- --------------------------------------------------------

--
-- Estructura de tabla para la tabla `h_area`
--

CREATE TABLE `h_area` (
  `id_area` int(11) NOT NULL,
  `area_trabajo` varchar(250) NOT NULL
) ENGINE=InnoDB DEFAULT CHARSET=utf8mb4;

--
-- Volcado de datos para la tabla `h_area`
--

INSERT INTO `h_area` (`id_area`, `area_trabajo`) VALUES
(1, 'AGENTES MUNICIPALES'),
(2, 'ALUMBRADO PUBLICO'),
(3, 'APOYO MUNICIPAL'),
(4, 'ASISTENCIA A LA SALUD'),
(5, 'BIBLIOTECA MUNICIPAL'),
(6, 'CATASTRO MUNICIPAL'),
(7, 'COMUNICACIÓN SOCIAL'),
(8, 'COMUNIDAD'),
(9, 'CONSEJO MUNICIPAL'),
(10, 'CONTRALORIA MUNICIPAL'),
(11, 'COORDINADOR DE GABINETE'),
(12, 'DEPORTES'),
(13, 'DERECHOS HUMANOS'),
(14, 'EQUIDAD DE GENERO'),
(15, 'EVENTOS ESPECIALES'),
(16, 'INFORMATICA'),
(17, 'LIMPIA MUNICIPAL'),
(18, 'LISTA DE RAYA'),
(19, 'MEDIO AMBIENTE'),
(20, 'NOMINA AGENDA'),
(21, 'OBRAS PUBLICAS'),
(22, 'OFICIALIA MAYOR'),
(23, 'OTROS'),
(24, 'PANTEON MUNICIPAL'),
(25, 'PARQUES Y JARDINES'),
(26, 'PENSIONADO'),
(27, 'PLANEACION'),
(28, 'PRESIDENCIA MUNICIPAL'),
(29, 'PROTECCION CIVIL'),
(30, 'RASTRO MUNICIPAL'),
(31, 'RECURSOS HUMANOS'),
(32, 'REGLAMENTO'),
(33, 'SECRETARIA MUNICIPAL'),
(34, 'SEGURIDAD PUBLICA'),
(35, 'SERVICIOS MUNICIPALES'),
(36, 'TESORERIA MUNICIPAL'),
(37, 'TRANSITO MUNICIPAL');

-- --------------------------------------------------------

--
-- Estructura de tabla para la tabla `h_ayuntamiento`
--

CREATE TABLE `h_ayuntamiento` (
  `id_ayuntamiento` int(11) NOT NULL,
  `ayuntamiento` varchar(250) NOT NULL
) ENGINE=InnoDB DEFAULT CHARSET=utf8mb4;

--
-- Volcado de datos para la tabla `h_ayuntamiento`
--

INSERT INTO `h_ayuntamiento` (`id_ayuntamiento`, `ayuntamiento`) VALUES
(1, 'CHAPULTENANGO'),
(2, 'IXHUATAN'),
(3, 'IXTACOMITAN'),
(4, 'IXTAPANGAJOYA'),
(5, 'JUAREZ'),
(6, 'PANTEPEC'),
(7, 'PICHUCALCO'),
(8, 'SOLOSUCHIAPA'),
(9, 'SUNUAPA'),
(10, 'SINDICATO'),
(11, 'DIF IXHUATAN'),
(12, 'DIF IXTACOMITAN'),
(13, 'DIF IXTAPANGAJOYA'),
(14, 'DIF Y ASILO JUAREZ'),
(15, 'SAPAM PICHUCALCO'),
(16, 'GRAVERA PICHUCALCO'),
(17, 'PARTICULAR PICHUCALCO'),
(18, 'PARTICULAR SUNUAPA');

-- --------------------------------------------------------

--
-- Estructura de tabla para la tabla `listadeprecio`
--

CREATE TABLE `listadeprecio` (
  `idlistaprecio` int(11) NOT NULL,
  `id_proveedor` int(11) NOT NULL,
  `id_marca` int(11) NOT NULL,
  `modelo` varchar(50) NOT NULL,
  `descripcion_producto` varchar(255) NOT NULL,
  `precio_compra` float NOT NULL,
  `precio_iva` float NOT NULL,
  `chaz_chaz` float NOT NULL,
  `estado` int(11) NOT NULL,
  `created_data` datetime NOT NULL DEFAULT current_timestamp()
) ENGINE=InnoDB DEFAULT CHARSET=utf8mb4;

--
-- Volcado de datos para la tabla `listadeprecio`
--

INSERT INTO `listadeprecio` (`idlistaprecio`, `id_proveedor`, `id_marca`, `modelo`, `descripcion_producto`, `precio_compra`, `precio_iva`, `chaz_chaz`, `estado`, `created_data`) VALUES
(1, 1, 1, 'AF5372D', 'ESTUFA TITANIUM DE 30 PULGADAS, ENCENDIDO ELECTRONICO, 4 QUEMADORES ESTANDARES, 2 SUPER', 5172.2, 5999.75, 6976.46, 1, '2022-05-18 14:14:32'),
(2, 1, 1, 'MADLFLK', 'LKNSLKDNLNLSDKNLDKNFLK', 5330, 6182.8, 1731.18, 1, '2022-05-22 18:19:17'),
(3, 5, 5, 'NAW1001S', 'ESTUFA ACROS', 4516.89, 5239.59, 6092.55, 1, '2022-05-22 18:23:41'),
(4, 2, 2, 'fdjnbkfnl', 'lknvslkdnvlskdnlvksnlvnslkvnslknvlskdnlvsndlknsvl', 5700, 6612, 7688.37, 0, '2022-05-22 18:50:40'),
(5, 7, 2, 'CLF120D', 'MINISPLIT MIRAGE', 6987.45, 8105.44, 9424.93, 0, '2022-05-22 19:52:15');

-- --------------------------------------------------------

--
-- Estructura de tabla para la tabla `marcas`
--

CREATE TABLE `marcas` (
  `id_marca` int(11) NOT NULL,
  `marca` varchar(20) NOT NULL,
  `logo` varchar(255) NOT NULL,
  `estado` int(11) NOT NULL DEFAULT 1
) ENGINE=InnoDB DEFAULT CHARSET=utf8mb4;

--
-- Volcado de datos para la tabla `marcas`
--

INSERT INTO `marcas` (`id_marca`, `marca`, `logo`, `estado`) VALUES
(1, 'ACROS', 'acros.png', 1);

-- --------------------------------------------------------

--
-- Estructura de tabla para la tabla `permisos`
--

CREATE TABLE `permisos` (
  `id` int(11) NOT NULL,
  `nombre` varchar(30) NOT NULL
) ENGINE=InnoDB DEFAULT CHARSET=utf8mb4;

--
-- Volcado de datos para la tabla `permisos`
--

INSERT INTO `permisos` (`id`, `nombre`) VALUES
(1, 'configuración'),
(2, 'usuarios'),
(3, 'clientes'),
(4, 'productos'),
(5, 'ventas'),
(6, 'nueva_venta'),
(7, 'proveedor'),
(8, 'marcas'),
(9, 'notas'),
(10, 'lista_precio');

-- --------------------------------------------------------

--
-- Estructura de tabla para la tabla `producto`
--

CREATE TABLE `producto` (
  `codproducto` int(11) NOT NULL,
  `codigo` varchar(20) COLLATE utf8_spanish_ci NOT NULL,
  `descripcion` text COLLATE utf8_spanish_ci NOT NULL,
  `precio` decimal(10,2) NOT NULL,
  `precio_iva` decimal(10,2) NOT NULL,
  `precio_chaz` decimal(10,2) NOT NULL,
  `existencia` int(11) NOT NULL DEFAULT 1,
  `num_factura` varchar(50) COLLATE utf8_spanish_ci NOT NULL,
  `created_at` datetime NOT NULL DEFAULT current_timestamp(),
  `usuario_id` int(11) NOT NULL,
  `estado` int(11) NOT NULL DEFAULT 1
) ENGINE=InnoDB DEFAULT CHARSET=utf8 COLLATE=utf8_spanish_ci;

--
-- Volcado de datos para la tabla `producto`
--

INSERT INTO `producto` (`codproducto`, `codigo`, `descripcion`, `precio`, `precio_iva`, `precio_chaz`, `existencia`, `num_factura`, `created_at`, `usuario_id`, `estado`) VALUES
(1, '357600832391110', 'TELCEL SAMSUNG LTE SM-A037M GALAXY A03S AZUL', '6300.00', '0.00', '0.00', 0, 'TF-14103515', '2022-05-11 00:00:00', 1, 1),
(2, '355839831167863', 'TELCEL MOTOROLA 4.5G XT2167-1 MOTO G41 NEGRO', '5700.00', '0.00', '0.00', 0, 'TF-14103515', '2022-05-11 00:00:00', 1, 1),
(3, '355839831168978', 'TELCEL MOTOROLA 4.5G XT2167-1 MOTO G41 NEGRO', '5700.00', '0.00', '0.00', 0, 'TF-14103515', '2022-05-11 00:00:00', 1, 1),
(4, '357600832344671', 'TELCEL SAMSUNG LTE SM-A037M GALAXY A03S AZUL', '6000.00', '0.00', '0.00', 0, 'TF-14103515', '2022-05-11 00:00:00', 1, 1),
(5, '357600832342675', 'TELCEL SAMSUNG LTE SM-A037M GALAXY A03S AZUL', '6000.00', '0.00', '0.00', 0, 'TF-14103515', '2022-05-11 00:00:00', 1, 1),
(6, '357600832347351', 'TELCEL SAMSUNG LTE SM-A037M GALAXY A03S AZUL', '3400.00', '0.00', '0.00', 0, 'TF-14103515', '2022-05-11 00:00:00', 1, 1),
(7, '357467541753182', 'TELCEL SAMSUNG LTE SM-A325M GALAXY A32 AZUL', '7000.00', '0.00', '0.00', 0, 'TF-14103515', '2022-05-11 00:00:00', 1, 1),
(8, '357467541753240', 'TELCEL SAMSUNG LTE SM-A325M GALAXY A32 AZUL', '7000.00', '0.00', '0.00', 0, 'TF-14103515', '2022-05-11 00:00:00', 1, 1),
(9, '352396406960027', 'TELCEL SAMSUNG LTE SM-A325M GALAXY A32 AZUL', '7000.00', '0.00', '0.00', 0, 'TF-14103515', '2022-05-11 00:00:00', 1, 1),
(10, '357467541009684', 'TELCEL SAMSUNG LTE SM-A325M GALAXY A32 BLANCO', '7000.00', '0.00', '0.00', 0, 'TF-14103515', '2022-05-11 00:00:00', 1, 1),
(11, '357467541013959', 'TELCEL SAMSUNG LTE SM-A325M GALAXY A32 BLANCO', '7000.00', '0.00', '0.00', 0, 'TF-14103515', '2022-05-11 00:00:00', 1, 1),
(12, '357467541013983', 'TELCEL SAMSUNG LTE SM-A325M GALAXY A32 BLANCO', '7000.00', '0.00', '0.00', 0, 'TF-14103515', '2022-05-11 00:00:00', 1, 1),
(13, '9321224262', 'SIM CARD  8952020921585681510', '0.01', '0.00', '0.00', 0, 'TF-14103515', '2022-05-11 00:00:00', 1, 1),
(14, '9321178184', 'SIM CARD  8952020921585681528', '0.01', '0.00', '0.00', 0, 'TF-14103515', '2022-05-11 00:00:00', 1, 1),
(15, '9321203699', 'SIM CARD 8952020921585681536', '0.01', '0.00', '0.00', 0, 'TF-14103515', '2022-05-11 00:00:00', 1, 1),
(16, '9321224195', 'SIM CARD 8952020921585681544', '0.01', '0.00', '0.00', 0, 'TF-14103515', '2022-05-11 00:00:00', 1, 1),
(17, '9321167583', 'SIM CARD 8952020921585681551', '0.01', '0.00', '0.00', 0, 'TF-14103515', '2022-05-11 00:00:00', 1, 1),
(18, '9321176425', 'SIM CARD 8952020921585681569', '0.01', '0.00', '0.00', 0, 'TF-14103515', '2022-05-11 00:00:00', 1, 1),
(19, '9321096491', 'SIM CARD 8952020921585681577', '0.01', '0.00', '0.00', 0, 'TF-14103515', '2022-05-11 00:00:00', 1, 1),
(20, '9321120561', 'SIM CARD 8952020921585681585', '0.01', '0.00', '0.00', 0, 'TF-14103515', '2022-05-11 00:00:00', 1, 1),
(21, '9321195856', 'SIM CARD 8952020921585681593', '0.01', '0.00', '0.00', 0, 'TF-14103515', '2022-05-11 00:00:00', 1, 1),
(22, '9321085717', 'SIM CARD 8952020921585681601', '0.01', '0.00', '0.00', 0, 'TF-14103515', '2022-05-11 00:00:00', 1, 1),
(23, '9321163484\n', 'SIM CARD 8952020921585681619', '0.01', '0.00', '0.00', 0, 'TF-14103515', '2022-05-11 00:00:00', 1, 1),
(24, '9321226942', 'SIM CARD 8952020921585681627', '0.01', '0.00', '0.00', 0, 'TF-14103515', '2022-05-11 00:00:00', 1, 1),
(25, '32G2144G2H01957', 'TELEVISOR LED HISENSE 32H5G 32\" VIDAA SMART TV, HIGH DEFINITION, USB, HDMI', '5600.00', '0.00', '0.00', 1, 'OT50428', '2022-05-22 14:00:06', 1, 1),
(26, '32G2144G2H03238', 'TELEVISOR LED HISENSE 32H5G 32\" VIDAA SMART TV, HIGH DEFINITION, USB, HDMI', '5600.00', '0.00', '0.00', 1, 'OT50428', '2022-05-22 14:00:35', 1, 1),
(27, '32G2144G2H03797', 'TELEVISOR LED HISENSE 32H5G 32\" VIDAA SMART TV, HIGH DEFINITION, USB, HDMI', '5600.00', '0.00', '0.00', 1, 'OT50428', '2022-05-22 14:01:07', 1, 1),
(28, '32G2144G2H03799', 'TELEVISOR LED HISENSE 32H5G 32\" VIDAA SMART TV, HIGH DEFINITION, USB, HDMI', '5600.00', '0.00', '0.00', 1, 'OT50428', '2022-05-22 14:02:04', 1, 1),
(29, '32G2144G2H03810', 'TELEVISOR LED HISENSE 32H5G 32\" VIDAA SMART TV, HIGH DEFINITION, USB, HDMI', '5600.00', '0.00', '0.00', 1, 'OT50428', '2022-05-22 14:03:30', 1, 1),
(30, '32G2144G2H04941', 'TELEVISOR LED HISENSE 32H5G 32\" VIDAA SMART TV, HIGH DEFINITION, USB, HDMI', '5600.00', '0.00', '0.00', 1, 'OT50428', '2022-05-22 14:03:55', 1, 1),
(31, '40G21260AH00064', 'TELEVISOR LED HISENSE 40H5G 40\" SMART TV UHD, USB, HDMI, VIDAA', '7900.00', '0.00', '0.00', 0, 'OT50428', '2022-05-22 22:55:38', 1, 1),
(32, '40G21260AH00065', 'TELEVISOR LED HISENSE 40H5G 40\" SMART TV UHD, USB, HDMI, VIDAA', '7900.00', '0.00', '0.00', 1, 'OT50428', '2022-05-22 22:56:08', 1, 1),
(33, '40G21260AH00069', 'TELEVISOR LED HISENSE 40H5G 40\" SMART TV UHD, USB, HDMI, VIDAA', '7900.00', '0.00', '0.00', 0, 'OT50428', '2022-05-22 22:59:38', 1, 1),
(34, '40G21260AH00072', 'TELEVISOR LED HISENSE 40H5G 40\" SMART TV UHD, USB, HDMI, VIDAA', '7900.00', '0.00', '0.00', 0, 'OT50428', '2022-05-22 23:00:03', 1, 1),
(35, '40G21260AH00168', 'TELEVISOR LED HISENSE 40H5G 40\" SMART TV UHD, USB, HDMI, VIDAA', '7900.00', '0.00', '0.00', 0, 'OT50428', '2022-05-22 23:00:23', 1, 1),
(36, '40G21260AH01433', 'TELEVISOR LED HISENSE 40H5G 40\" SMART TV UHD, USB, HDMI, VIDAA', '7900.00', '0.00', '0.00', 1, 'OT50428', '2022-05-22 23:00:41', 1, 1),
(37, '55G2129GEH00580', 'TELEVISOR LED HISENSE 55A65GV 55\" SMART 4K, HDMI, USB', '15600.00', '0.00', '0.00', 1, 'OT50428', '2022-05-22 23:01:07', 1, 1),
(38, '55G2129GEH00581', 'TELEVISOR LED HISENSE 55A65GV 55\" SMART 4K, HDMI, USB', '15600.00', '0.00', '0.00', 1, 'OT50428', '2022-05-22 23:01:32', 1, 1),
(39, '55G2129GEH11438', 'TELEVISOR LED HISENSE 55A65GV 55\" SMART 4K, HDMI, USB', '15600.00', '0.00', '0.00', 1, 'OT50428', '2022-05-22 23:01:50', 1, 1),
(40, '55G2129GFH02747', 'TELEVISOR LED HISENSE 55A65GV 55\" SMART 4K, HDMI, USB', '15600.00', '0.00', '0.00', 0, 'OT50428', '2022-05-22 23:02:18', 1, 1),
(41, '341B92774020B1101230', 'MINI SPLIT MIDEA MAS12C1ASP 12,000 BTUS 110 VOLTIOS ON/OFF BLANCO', '6400.00', '0.00', '0.00', 1, 'OT50428', '2022-05-22 23:02:58', 1, 1),
(42, '341B92774020B1101230', 'MINI SPLIT MIDEA MAS12C1ASP 12,000 BTUS 110 VOLTIOS ON/OFF BLANCO', '6400.00', '0.00', '0.00', 1, 'OT50428', '2022-05-22 23:03:24', 1, 1),
(43, '341B92774020B1101233', 'MINI SPLIT MIDEA MAS12C1ASP 12,000 BTUS 110 VOLTIOS ON/OFF BLANCO', '6400.00', '0.00', '0.00', 1, 'OT50428', '2022-05-22 23:03:52', 1, 1),
(44, '341B92774020B1101233', 'MINI SPLIT MIDEA MAS12C1ASP 12,000 BTUS 110 VOLTIOS ON/OFF BLANCO', '6400.00', '0.00', '0.00', 1, 'OT50428', '2022-05-22 23:04:14', 1, 1),
(45, '341B92774020B1201202', 'MINI SPLIT MIDEA MAS12C1ASP 12,000 BTUS 110 VOLTIOS ON/OFF BLANCO', '6400.00', '0.00', '0.00', 1, 'OT50428', '2022-05-22 23:04:31', 1, 1),
(46, '341B92774020B1201202', 'MINI SPLIT MIDEA MAS12C1ASP 12,000 BTUS 110 VOLTIOS ON/OFF BLANCO', '6400.00', '0.00', '0.00', 1, 'OT50428', '2022-05-22 23:05:02', 1, 1),
(47, '341B92774020B1201202', 'MINI SPLIT MIDEA MAS12C1ASP 12,000 BTUS 110 VOLTIOS ON/OFF BLANCO', '6400.00', '0.00', '0.00', 1, 'OT50428', '2022-05-22 23:05:25', 1, 1),
(48, '341B92774020B1201202', 'MINI SPLIT MIDEA MAS12C1ASP 12,000 BTUS 110 VOLTIOS ON/OFF BLANCO', '6400.00', '0.00', '0.00', 1, 'OT50428', '2022-05-22 23:05:46', 1, 1),
(49, '341B92774020B1201202', 'MINI SPLIT MIDEA MAS12C1ASP 12,000 BTUS 110 VOLTIOS ON/OFF BLANCO', '6400.00', '0.00', '0.00', 1, 'OT50428', '2022-05-22 23:06:05', 1, 1),
(50, '341B92774020B1201202', 'MINI SPLIT MIDEA MAS12C1ASP 12,000 BTUS 110 VOLTIOS ON/OFF BLANCO', '6400.00', '0.00', '0.00', 1, 'OT50428', '2022-05-22 23:06:21', 1, 1),
(51, '341B92774010B0901303', 'DIFUSOR MIDEA MAS12C1ASP 12,000 BTUS 110 VOLTIOS ON/OFF BLANCO', '0.01', '0.00', '0.00', 1, 'OT50428', '2022-05-22 23:12:08', 1, 1),
(52, '341B92774010B0901303', 'DIFUSOR MIDEA MAS12C1ASP 12,000 BTUS 110 VOLTIOS ON/OFF BLANCO', '0.01', '0.00', '0.00', 1, 'OT50428', '2022-05-22 23:12:37', 1, 1),
(53, '341B92774010B0901304', 'DIFUSOR MIDEA MAS12C1ASP 12,000 BTUS 110 VOLTIOS ON/OFF BLANCO', '0.01', '0.00', '0.00', 1, 'OT50428', '2022-05-22 23:13:05', 1, 1),
(54, '341B92774010B0901318', 'DIFUSOR MIDEA MAS12C1ASP 12,000 BTUS 110 VOLTIOS ON/OFF BLANCO', '0.01', '0.00', '0.00', 1, 'OT50428', '2022-05-22 23:13:29', 1, 1),
(55, '341B92774010B0901321', 'DIFUSOR MIDEA MAS12C1ASP 12,000 BTUS 110 VOLTIOS ON/OFF BLANCO', '0.01', '0.00', '0.00', 1, 'OT50428', '2022-05-22 23:13:55', 1, 1),
(56, '341B92774010B0901321', 'DIFUSOR MIDEA MAS12C1ASP 12,000 BTUS 110 VOLTIOS ON/OFF BLANCO', '0.01', '0.00', '0.00', 1, 'OT50428', '2022-05-22 23:14:18', 1, 1),
(57, '341B92774010B1001304', 'DIFUSOR MIDEA MAS12C1ASP 12,000 BTUS 110 VOLTIOS ON/OFF BLANCO', '0.01', '0.00', '0.00', 1, 'OT50428', '2022-05-22 23:14:45', 1, 1),
(58, '341B92774010B1001306', 'DIFUSOR MIDEA MAS12C1ASP 12,000 BTUS 110 VOLTIOS ON/OFF BLANCO', '0.01', '0.00', '0.00', 1, 'OT50428', '2022-05-22 23:15:13', 1, 1),
(59, '341B92774010B1001306', 'DIFUSOR MIDEA MAS12C1ASP 12,000 BTUS 110 VOLTIOS ON/OFF BLANCO', '0.01', '0.00', '0.00', 1, 'OT50428', '2022-05-22 23:15:36', 1, 1),
(60, '341B92774010B1001307', 'DIFUSOR MIDEA MAS12C1ASP 12,000 BTUS 110 VOLTIOS ON/OFF BLANCO', '0.01', '0.00', '0.00', 1, 'OT50428', '2022-05-22 23:15:56', 1, 1),
(61, '050110114052101299', 'LICUADORA MAN LP-5011 10 VELOCIDADES VASO PLASTICO', '1100.00', '0.00', '0.00', 1, 'OT50429', '2022-05-22 23:16:32', 1, 1),
(62, '050110114052101301', 'LICUADORA MAN LP-5011 10 VELOCIDADES VASO PLASTICO', '1100.00', '0.00', '0.00', 0, 'OT50429', '2022-05-22 23:16:55', 1, 1),
(63, '050110114052103202', 'LICUADORA MAN LP-5011 10 VELOCIDADES VASO PLASTICO', '1100.00', '0.00', '0.00', 0, 'OT50429', '2022-05-22 23:17:10', 1, 1),
(64, '050110114052103432', 'LICUADORA MAN LP-5011 10 VELOCIDADES VASO PLASTICO', '1100.00', '0.00', '0.00', 1, 'OT50429', '2022-05-22 23:17:25', 1, 1),
(65, '050110114052103456', 'LICUADORA MAN LP-5011 10 VELOCIDADES VASO PLASTICO', '1100.00', '0.00', '0.00', 1, 'OT50429', '2022-05-22 23:17:42', 1, 1),
(66, '050110114052104293', 'LICUADORA MAN LP-5011 10 VELOCIDADES VASO PLASTICO', '1100.00', '0.00', '0.00', 1, 'OT50429', '2022-05-22 23:17:57', 1, 1),
(67, '050110114052104295', 'LICUADORA MAN LP-5011 10 VELOCIDADES VASO PLASTICO', '1100.00', '0.00', '0.00', 1, 'OT50429', '2022-05-22 23:18:14', 1, 1),
(68, '050110114052104389', 'LICUADORA MAN LP-5011 10 VELOCIDADES VASO PLASTICO', '1100.00', '0.00', '0.00', 0, 'OT50429', '2022-05-22 23:18:32', 1, 1),
(69, 'CLF261H44012201359', 'MINI SPLIT MIRAGE SETCLF261H 24,000 BTUS 220 VOLTIOS SERIE XLIFE', '14000.00', '0.00', '0.00', 1, 'OT50429', '2022-05-22 23:19:27', 1, 1),
(70, 'CLF261H44012201410', 'MINI SPLIT MIRAGE SETCLF261H 24,000 BTUS 220 VOLTIOS SERIE XLIFE', '14000.00', '0.00', '0.00', 0, 'OT50429', '2022-05-22 23:19:44', 1, 1),
(71, 'ELF261H44012201249', 'DIFUSOR MIRAGE SETCLF261H 24,000 BTUS 220 VOLTIOS SERIE XLIFE', '0.01', '0.00', '0.00', 0, 'OT50429', '2022-05-22 23:20:05', 1, 1),
(72, 'ELF261H44012202162', 'DIFUSOR MIRAGE SETCLF261H 24,000 BTUS 220 VOLTIOS SERIE XLIFE', '0.01', '0.00', '0.00', 1, 'OT50429', '2022-05-22 23:20:24', 1, 1),
(73, 'CLF120D7122107579', 'MINI SPLIT MIRAGE SETCLF120D 12,000 BTUS 110 VOLTIOS SERIE LIFE 12', '7000.00', '0.00', '0.00', 1, 'OT50429', '2022-05-22 23:20:49', 1, 1),
(74, 'CLF120D7122107629', 'MINI SPLIT MIRAGE SETCLF120D 12,000 BTUS 110 VOLTIOS SERIE LIFE 12', '7000.00', '0.00', '0.00', 0, 'OT50429', '2022-05-22 23:21:17', 1, 1),
(75, 'CLF120D7122108307', 'MINI SPLIT MIRAGE SETCLF120D 12,000 BTUS 110 VOLTIOS SERIE LIFE 12', '7000.00', '0.00', '0.00', 0, 'OT50429', '2022-05-22 23:22:03', 1, 1),
(76, 'CLF120D7122108377', 'MINI SPLIT MIRAGE SETCLF120D 12,000 BTUS 110 VOLTIOS SERIE LIFE 12', '7000.00', '0.00', '0.00', 1, 'OT50429', '2022-05-22 23:22:18', 1, 1),
(77, 'CLF120D7122108396', 'MINI SPLIT MIRAGE SETCLF120D 12,000 BTUS 110 VOLTIOS SERIE LIFE 12', '7000.00', '0.00', '0.00', 1, 'OT50429', '2022-05-22 23:22:37', 1, 1),
(78, 'CLF120D7122108406', 'MINI SPLIT MIRAGE SETCLF120D 12,000 BTUS 110 VOLTIOS SERIE LIFE 12', '7000.00', '0.00', '0.00', 1, 'OT50429', '2022-05-22 23:22:50', 1, 1),
(79, 'CLF120D7122108418', 'MINI SPLIT MIRAGE SETCLF120D 12,000 BTUS 110 VOLTIOS SERIE LIFE 12', '7000.00', '0.00', '0.00', 1, 'OT50429', '2022-05-22 23:23:10', 1, 1),
(80, 'CLF120D7122108420', 'MINI SPLIT MIRAGE SETCLF120D 12,000 BTUS 110 VOLTIOS SERIE LIFE 12', '7000.00', '0.00', '0.00', 1, 'OT50429', '2022-05-22 23:23:25', 1, 1),
(81, 'CLF120D7122109038', 'MINI SPLIT MIRAGE SETCLF120D 12,000 BTUS 110 VOLTIOS SERIE LIFE 12', '7000.00', '0.00', '0.00', 1, 'OT50429', '2022-05-22 23:23:46', 1, 1),
(82, 'CLF120D7122109062', 'MINI SPLIT MIRAGE SETCLF120D 12,000 BTUS 110 VOLTIOS SERIE LIFE 12', '7000.00', '0.00', '0.00', 1, 'OT50429', '2022-05-22 23:24:03', 1, 1),
(83, 'ELF120D7122101667', 'DIFUSOR MIRAGE SETCLF120D 12,000 BTUS 110 VOLTIOS SERIE LIFE 12', '0.01', '0.00', '0.00', 1, 'OT50429', '2022-05-22 23:24:39', 1, 1),
(84, 'ELF120D7122101713', 'DIFUSOR MIRAGE SETCLF120D 12,000 BTUS 110 VOLTIOS SERIE LIFE 12', '0.01', '0.00', '0.00', 1, 'OT50429', '2022-05-22 23:26:00', 1, 1),
(85, 'ELF120D7122101756', 'DIFUSOR MIRAGE SETCLF120D 12,000 BTUS 110 VOLTIOS SERIE LIFE 12', '0.01', '0.00', '0.00', 1, 'OT50429', '2022-05-22 23:26:21', 1, 1),
(86, 'ELF120D7122104505', 'DIFUSOR MIRAGE SETCLF120D 12,000 BTUS 110 VOLTIOS SERIE LIFE 12', '0.01', '0.00', '0.00', 1, 'OT50429', '2022-05-22 23:26:45', 1, 1),
(87, 'ELF120D7122104515', 'DIFUSOR MIRAGE SETCLF120D 12,000 BTUS 110 VOLTIOS SERIE LIFE 12', '0.01', '0.00', '0.00', 0, 'OT50429', '2022-05-22 23:27:13', 1, 1),
(88, 'ELF120D7122108785', 'DIFUSOR MIRAGE SETCLF120D 12,000 BTUS 110 VOLTIOS SERIE LIFE 12', '0.01', '0.00', '0.00', 1, 'OT50429', '2022-05-22 23:27:39', 1, 1),
(89, 'ELF120D7122108787', 'DIFUSOR MIRAGE SETCLF120D 12,000 BTUS 110 VOLTIOS SERIE LIFE 12', '0.01', '0.00', '0.00', 0, 'OT50429', '2022-05-22 23:28:00', 1, 1),
(90, 'ELF120D7122108809', 'DIFUSOR MIRAGE SETCLF120D 12,000 BTUS 110 VOLTIOS SERIE LIFE 12', '0.01', '0.00', '0.00', 1, 'OT50429', '2022-05-22 23:28:21', 1, 1),
(91, 'ELF120D7122109174', 'DIFUSOR MIRAGE SETCLF120D 12,000 BTUS 110 VOLTIOS SERIE LIFE 12', '0.01', '0.00', '0.00', 1, 'OT50429', '2022-05-22 23:28:47', 1, 1),
(92, 'ELF120D7122109183', 'DIFUSOR MIRAGE SETCLF120D 12,000 BTUS 110 VOLTIOS SERIE LIFE 12', '0.01', '0.00', '0.00', 1, 'OT50429', '2022-05-22 23:29:06', 1, 1),
(93, '020200111042215889', 'VENTILADOR MAN FREAL-2020 CIRCULADOR', '821.00', '952.36', '1107.40', 0, 'OT50504', '2022-05-27 19:01:22', 1, 1),
(94, '020200111042215910', 'VENTILADOR MAN FREAL-2020 CIRCULADOR', '821.00', '952.36', '1107.40', 1, 'OT50504', '2022-05-27 19:04:04', 1, 1),
(95, '020200111042216287', 'VENTILADOR MAN FREAL-2020 CIRCULADOR', '821.00', '952.36', '1107.40', 1, 'OT50504', '2022-05-27 19:04:20', 1, 1),
(96, '020200111042216508', 'VENTILADOR MAN FREAL-2020 CIRCULADOR', '821.00', '952.36', '1107.40', 1, 'OT50504', '2022-05-27 19:04:36', 1, 1),
(97, '020200111042217536', 'VENTILADOR MAN FREAL-2020 CIRCULADOR', '821.00', '952.36', '1107.40', 1, 'OT50504', '2022-05-27 19:04:51', 1, 1),
(98, '020200111042218177', 'VENTILADOR MAN FREAL-2020 CIRCULADOR', '821.00', '952.36', '1107.40', 1, 'OT50504', '2022-05-27 19:05:18', 1, 1),
(99, '020200111042218860', 'VENTILADOR MAN FREAL-2020 CIRCULADOR', '821.00', '952.36', '1107.40', 1, 'OT50504', '2022-05-27 19:05:33', 1, 1),
(100, '020200111042221094', 'VENTILADOR MAN FREAL-2020 CIRCULADOR', '821.00', '952.36', '1107.40', 1, 'OT50504', '2022-05-27 19:05:49', 1, 1),
(101, '020200111042222802', 'VENTILADOR MAN FREAL-2020 CIRCULADOR', '821.00', '952.36', '1107.40', 1, 'OT50504', '2022-05-27 19:06:03', 1, 1),
(102, '020200111042225720', 'VENTILADOR MAN FREAL-2020 CIRCULADOR', '821.00', '952.36', '1107.40', 1, 'OT50504', '2022-05-27 19:06:16', 1, 1),
(103, '21AM0530419', 'VENTILADOR DE PEDESTAL VORTEX P180 18\" 3 VELOCIDADES, PERILLA', '845.84', '981.17', '1140.90', 1, 'OT50504', '2022-05-27 19:06:50', 1, 1),
(104, '21AM0530576', 'VENTILADOR DE PEDESTAL VORTEX P180 18\" 3 VELOCIDADES, PERILLA', '845.84', '981.17', '1140.90', 1, 'OT50504', '2022-05-27 19:07:42', 1, 1),
(105, '21AM1300441', 'VENTILADOR DE PEDESTAL VORTEX P180 18\" 3 VELOCIDADES, PERILLA', '845.84', '981.17', '1140.90', 1, 'OT50504', '2022-05-27 19:07:58', 1, 1),
(106, '21AM1300453', 'VENTILADOR DE PEDESTAL VORTEX P180 18\" 3 VELOCIDADES, PERILLA', '845.84', '981.17', '1140.90', 1, 'OT50504', '2022-05-27 19:08:14', 1, 1),
(107, '21AM1300459', 'VENTILADOR DE PEDESTAL VORTEX P180 18\" 3 VELOCIDADES, PERILLA', '845.84', '981.17', '1140.90', 1, 'OT50504', '2022-05-27 19:08:33', 1, 1),
(108, '21AM1300526', 'VENTILADOR DE PEDESTAL VORTEX P180 18\" 3 VELOCIDADES, PERILLA', '845.84', '981.17', '1140.90', 1, 'OT50504', '2022-05-27 19:08:49', 1, 1),
(109, '21AM1300536', 'VENTILADOR DE PEDESTAL VORTEX P180 18\" 3 VELOCIDADES, PERILLA', '845.84', '981.17', '1140.90', 1, 'OT50504', '2022-05-27 19:09:07', 1, 1),
(110, '21AM1320273', 'VENTILADOR DE PEDESTAL VORTEX P180 18\" 3 VELOCIDADES, PERILLA', '845.84', '981.17', '1140.90', 1, 'OT50504', '2022-05-27 19:09:22', 1, 1),
(111, '21AM1320282', 'VENTILADOR DE PEDESTAL VORTEX P180 18\" 3 VELOCIDADES, PERILLA', '845.84', '981.17', '1140.90', 1, 'OT50504', '2022-05-27 19:09:38', 1, 1),
(112, '21BM0250699', 'VENTILADOR DE PEDESTAL VORTEX P180 18\" 3 VELOCIDADES, PERILLA', '845.84', '981.17', '1140.90', 1, 'OT50504', '2022-05-27 19:09:58', 1, 1),
(113, 'TUBULAR', 'CAMA MATRIMONIAL TACTOPIEL III CHOCOLATE', '2035.00', '2360.60', '2744.88', 5, 'OT50622', '2022-05-27 19:10:58', 1, 1),
(114, 'ALPHA', 'PARRILLA ELECTRICA TAURUS ALPHA DUO 2 QUEMADORES', '245.00', '284.20', '330.47', 6, 'OT50622', '2022-05-27 19:11:49', 1, 1),
(115, '21CM1890432', 'VENTILADOR VORTEX AFV-1212 DE PISO 12\" ACELERADOR DE AIRE 3 VELOCIDADES', '551.95', '640.26', '744.49', 1, 'OT50622', '2022-05-27 19:12:05', 1, 1),
(116, '21CM1890425', 'VENTILADOR VORTEX AFV-1212 DE PISO 12\" ACELERADOR DE AIRE 3 VELOCIDADES', '551.95', '640.26', '744.49', 1, 'OT50622', '2022-05-27 19:12:22', 1, 1),
(117, '21CM1890441', 'VENTILADOR VORTEX AFV-1212 DE PISO 12\" ACELERADOR DE AIRE 3 VELOCIDADES', '551.95', '640.26', '744.49', 1, 'OT50622', '2022-05-27 19:12:36', 1, 1),
(118, '21CM1890443', 'VENTILADOR VORTEX AFV-1212 DE PISO 12\" ACELERADOR DE AIRE 3 VELOCIDADES', '551.95', '640.26', '744.49', 1, 'OT50622', '2022-05-27 19:12:50', 1, 1),
(119, '21CM1890445', 'VENTILADOR VORTEX AFV-1212 DE PISO 12\" ACELERADOR DE AIRE 3 VELOCIDADES', '551.95', '640.26', '744.49', 1, 'OT50622', '2022-05-27 19:13:09', 1, 1),
(120, '21CM1970269', 'VENTILADOR VORTEX AFV-1212 DE PISO 12\" ACELERADOR DE AIRE 3 VELOCIDADES', '551.95', '640.26', '744.49', 1, 'OT50622', '2022-05-27 19:13:23', 1, 1);

-- --------------------------------------------------------

--
-- Estructura de tabla para la tabla `proveedor`
--

CREATE TABLE `proveedor` (
  `codproveedor` int(11) NOT NULL,
  `prov_rfc` varchar(13) NOT NULL,
  `prov_name` varchar(255) NOT NULL,
  `prov_phone` varchar(10) NOT NULL,
  `prov_address` varchar(255) NOT NULL,
  `suc_bank` int(4) NOT NULL,
  `account_bank` int(10) NOT NULL,
  `ref_bank` int(10) NOT NULL,
  `estado` int(11) NOT NULL DEFAULT 1
) ENGINE=InnoDB DEFAULT CHARSET=utf8mb4;

--
-- Volcado de datos para la tabla `proveedor`
--

INSERT INTO `proveedor` (`codproveedor`, `prov_rfc`, `prov_name`, `prov_phone`, `prov_address`, `suc_bank`, `account_bank`, `ref_bank`, `estado`) VALUES
(1, 'EOR841123KY1', 'EMPRESAS ORCE S.A. DE C.V.', '9321234567', '600 BOULEVARD LIBRAMIENTO SUR ORIENTE. 29089 TUXTLA GUTIÉRREZ, CHIAPAS.', 179, 8969168, 453104, 1),
(2, 'WME8709287L5', 'WHIRLPOOL MEXICO S. DE R.L. DE C.V.', '8183292200', 'ANTIGUA CARRETERA A ROMA KILOMETRO 9. COLONIA EL MILAGRO. 66634, APODACA, NUEVO LEON.', 6502, 266567, 2332973, 1);

-- --------------------------------------------------------

--
-- Estructura de tabla para la tabla `usuario`
--

CREATE TABLE `usuario` (
  `idusuario` int(11) NOT NULL,
  `cargo` varchar(50) COLLATE utf8_spanish_ci NOT NULL,
  `nombre` varchar(100) COLLATE utf8_spanish_ci NOT NULL,
  `apellido` varchar(100) COLLATE utf8_spanish_ci NOT NULL,
  `correo` varchar(100) COLLATE utf8_spanish_ci NOT NULL,
  `usuario` varchar(20) COLLATE utf8_spanish_ci NOT NULL,
  `clave` varchar(50) COLLATE utf8_spanish_ci NOT NULL,
  `estado` int(11) NOT NULL DEFAULT 1
) ENGINE=InnoDB DEFAULT CHARSET=utf8 COLLATE=utf8_spanish_ci;

--
-- Volcado de datos para la tabla `usuario`
--

INSERT INTO `usuario` (`idusuario`, `cargo`, `nombre`, `apellido`, `correo`, `usuario`, `clave`, `estado`) VALUES
(1, 'SISTEMA', 'LUIS ALFREDO', 'LOPEZ CRUZ', 'dj_97@outlook.com', 'dj_97@outlook.com', '0f726e390fb8514b2f31a508c91953f0', 1),
(2, 'ADMINISTRADOR', 'ANGEL', 'ARZAT VAZQUEZ', 'arzat@hotmail.com', 'arzat@hotmail.com', '202cb962ac59075b964b07152d234b70', 1);

-- --------------------------------------------------------

--
-- Estructura de tabla para la tabla `ventas`
--

CREATE TABLE `ventas` (
  `id` int(11) NOT NULL,
  `id_cliente` int(11) NOT NULL,
  `total` decimal(10,2) NOT NULL,
  `id_usuario` int(11) NOT NULL,
  `fecha` timestamp NOT NULL DEFAULT current_timestamp() ON UPDATE current_timestamp()
) ENGINE=InnoDB DEFAULT CHARSET=utf8mb4;

--
-- Volcado de datos para la tabla `ventas`
--

INSERT INTO `ventas` (`id`, `id_cliente`, `total`, `id_usuario`, `fecha`) VALUES
(1, 3, '6000.00', 2, '2022-05-12 22:57:48'),
(2, 4, '10010.00', 1, '2022-05-17 12:38:40'),
(3, 5, '7000.00', 1, '2022-05-16 19:01:55'),
(4, 6, '6300.00', 1, '2022-05-18 00:24:03'),
(5, 7, '6000.00', 1, '2022-05-18 00:42:13'),
(6, 8, '7000.00', 1, '2022-05-20 20:02:03'),
(7, 9, '7000.00', 1, '2022-05-20 20:05:28'),
(8, 10, '7000.00', 1, '2022-05-24 18:53:50'),
(9, 11, '15600.00', 1, '2022-05-26 17:09:11'),
(10, 12, '7900.00', 1, '2022-05-27 23:34:01'),
(11, 13, '3400.00', 1, '2022-05-30 18:45:31'),
(12, 14, '7900.00', 1, '2022-06-01 14:57:05'),
(13, 15, '14000.00', 1, '2022-06-01 18:03:51'),
(14, 16, '5700.00', 1, '2022-06-01 21:00:10'),
(15, 17, '7900.00', 1, '2022-06-03 16:32:33'),
(16, 10, '1100.00', 1, '2022-06-07 13:17:06'),
(17, 18, '7900.00', 1, '2022-06-07 13:22:13'),
(18, 16, '1100.00', 1, '2022-06-07 13:23:57'),
(19, 19, '7000.00', 1, '2022-06-07 13:28:32'),
(20, 20, '7000.00', 1, '2022-06-07 13:41:34'),
(21, 21, '7000.00', 1, '2022-06-07 14:32:38'),
(22, 22, '821.00', 1, '2022-06-07 14:34:20'),
(23, 24, '1100.00', 1, '2022-06-07 21:39:22'),
(24, 25, '5700.00', 1, '2022-06-09 12:44:15');

--
-- Índices para tablas volcadas
--

--
-- Indices de la tabla `cliente`
--
ALTER TABLE `cliente`
  ADD PRIMARY KEY (`idcliente`);

--
-- Indices de la tabla `configuracion`
--
ALTER TABLE `configuracion`
  ADD PRIMARY KEY (`id`);

--
-- Indices de la tabla `detalle_permisos`
--
ALTER TABLE `detalle_permisos`
  ADD PRIMARY KEY (`id`);

--
-- Indices de la tabla `detalle_temp`
--
ALTER TABLE `detalle_temp`
  ADD PRIMARY KEY (`id`);

--
-- Indices de la tabla `detalle_venta`
--
ALTER TABLE `detalle_venta`
  ADD PRIMARY KEY (`id`);

--
-- Indices de la tabla `h_area`
--
ALTER TABLE `h_area`
  ADD PRIMARY KEY (`id_area`);

--
-- Indices de la tabla `h_ayuntamiento`
--
ALTER TABLE `h_ayuntamiento`
  ADD PRIMARY KEY (`id_ayuntamiento`);

--
-- Indices de la tabla `listadeprecio`
--
ALTER TABLE `listadeprecio`
  ADD PRIMARY KEY (`idlistaprecio`);

--
-- Indices de la tabla `marcas`
--
ALTER TABLE `marcas`
  ADD PRIMARY KEY (`id_marca`);

--
-- Indices de la tabla `permisos`
--
ALTER TABLE `permisos`
  ADD PRIMARY KEY (`id`);

--
-- Indices de la tabla `producto`
--
ALTER TABLE `producto`
  ADD PRIMARY KEY (`codproducto`);

--
-- Indices de la tabla `proveedor`
--
ALTER TABLE `proveedor`
  ADD PRIMARY KEY (`codproveedor`);

--
-- Indices de la tabla `usuario`
--
ALTER TABLE `usuario`
  ADD PRIMARY KEY (`idusuario`);

--
-- Indices de la tabla `ventas`
--
ALTER TABLE `ventas`
  ADD PRIMARY KEY (`id`);

--
-- AUTO_INCREMENT de las tablas volcadas
--

--
-- AUTO_INCREMENT de la tabla `cliente`
--
ALTER TABLE `cliente`
  MODIFY `idcliente` int(11) NOT NULL AUTO_INCREMENT, AUTO_INCREMENT=26;

--
-- AUTO_INCREMENT de la tabla `configuracion`
--
ALTER TABLE `configuracion`
  MODIFY `id` int(11) NOT NULL AUTO_INCREMENT, AUTO_INCREMENT=2;

--
-- AUTO_INCREMENT de la tabla `detalle_permisos`
--
ALTER TABLE `detalle_permisos`
  MODIFY `id` int(11) NOT NULL AUTO_INCREMENT, AUTO_INCREMENT=798;

--
-- AUTO_INCREMENT de la tabla `detalle_temp`
--
ALTER TABLE `detalle_temp`
  MODIFY `id` int(11) NOT NULL AUTO_INCREMENT, AUTO_INCREMENT=137;

--
-- AUTO_INCREMENT de la tabla `detalle_venta`
--
ALTER TABLE `detalle_venta`
  MODIFY `id` int(11) NOT NULL AUTO_INCREMENT, AUTO_INCREMENT=40;

--
-- AUTO_INCREMENT de la tabla `h_area`
--
ALTER TABLE `h_area`
  MODIFY `id_area` int(11) NOT NULL AUTO_INCREMENT, AUTO_INCREMENT=38;

--
-- AUTO_INCREMENT de la tabla `h_ayuntamiento`
--
ALTER TABLE `h_ayuntamiento`
  MODIFY `id_ayuntamiento` int(11) NOT NULL AUTO_INCREMENT, AUTO_INCREMENT=19;

--
-- AUTO_INCREMENT de la tabla `listadeprecio`
--
ALTER TABLE `listadeprecio`
  MODIFY `idlistaprecio` int(11) NOT NULL AUTO_INCREMENT, AUTO_INCREMENT=6;

--
-- AUTO_INCREMENT de la tabla `marcas`
--
ALTER TABLE `marcas`
  MODIFY `id_marca` int(11) NOT NULL AUTO_INCREMENT, AUTO_INCREMENT=2;

--
-- AUTO_INCREMENT de la tabla `permisos`
--
ALTER TABLE `permisos`
  MODIFY `id` int(11) NOT NULL AUTO_INCREMENT, AUTO_INCREMENT=11;

--
-- AUTO_INCREMENT de la tabla `producto`
--
ALTER TABLE `producto`
  MODIFY `codproducto` int(11) NOT NULL AUTO_INCREMENT, AUTO_INCREMENT=121;

--
-- AUTO_INCREMENT de la tabla `proveedor`
--
ALTER TABLE `proveedor`
  MODIFY `codproveedor` int(11) NOT NULL AUTO_INCREMENT, AUTO_INCREMENT=3;

--
-- AUTO_INCREMENT de la tabla `usuario`
--
ALTER TABLE `usuario`
  MODIFY `idusuario` int(11) NOT NULL AUTO_INCREMENT, AUTO_INCREMENT=3;

--
-- AUTO_INCREMENT de la tabla `ventas`
--
ALTER TABLE `ventas`
  MODIFY `id` int(11) NOT NULL AUTO_INCREMENT, AUTO_INCREMENT=25;
COMMIT;

/*!40101 SET CHARACTER_SET_CLIENT=@OLD_CHARACTER_SET_CLIENT */;
/*!40101 SET CHARACTER_SET_RESULTS=@OLD_CHARACTER_SET_RESULTS */;
/*!40101 SET COLLATION_CONNECTION=@OLD_COLLATION_CONNECTION */;
